{"fast_rcnn/cls_accuracy": 0.942626953125, "fast_rcnn/false_negative": 0.7083333333333333, "fast_rcnn/fg_cls_accuracy": 0.25, "iteration": 19, "loss_box_reg": 0.0003342596464790404, "loss_cls": 0.5978236794471741, "loss_rpn_cls": 0.6949569582939148, "loss_rpn_loc": 0.05042852647602558, "lr": 4.995250000000001e-05, "roi_head/num_bg_samples": 511.0, "roi_head/num_fg_samples": 1.0, "rpn/num_neg_anchors": 248.375, "rpn/num_pos_anchors": 7.625, "total_loss": 1.571474942851637}
